{
  "final_train_accuracy": 96.0,
  "final_val_accuracy": 100.0,
  "best_val_accuracy": 100.0,
  "train_losses": [
    0.7044950276613235,
    0.44227223098278046,
    0.689464770257473,
    0.2721302695572376,
    0.41618021903559566,
    0.3392778970301151,
    0.23487701080739498,
    0.21272879466414452,
    0.11209677532315254,
    0.0933123822323978,
    0.0444989217503462,
    0.05523048201575875,
    0.050442158593796194,
    0.054536974523216486,
    0.3513865933055058,
    0.935414569452405,
    0.07223332463763654,
    0.0538803263916634,
    0.3908396225888282,
    0.0827814684889745
  ],
  "val_losses": [
    0.4657832384109497,
    0.23890037834644318,
    0.22235047817230225,
    0.05040515586733818,
    0.034762974828481674,
    0.09780368208885193,
    0.2046210914850235,
    0.22037984430789948,
    0.23864489793777466,
    0.18962307274341583,
    0.162659153342247,
    0.14229042828083038,
    0.14282110333442688,
    0.15842227637767792,
    0.13829755783081055,
    0.1458882987499237,
    0.15436644852161407,
    0.14751307666301727,
    0.14782412350177765,
    0.17336690425872803
  ],
  "train_accuracies": [
    32.0,
    88.0,
    88.0,
    92.0,
    92.0,
    92.0,
    96.0,
    92.0,
    96.0,
    96.0,
    96.0,
    96.0,
    96.0,
    92.0,
    84.0,
    88.0,
    96.0,
    100.0,
    88.0,
    96.0
  ],
  "val_accuracies": [
    66.66666666666667,
    100.0,
    100.0,
    100.0,
    100.0,
    100.0,
    100.0,
    100.0,
    66.66666666666667,
    100.0,
    100.0,
    100.0,
    100.0,
    100.0,
    100.0,
    100.0,
    100.0,
    100.0,
    100.0,
    100.0
  ],
  "epochs": 20,
  "batch_size": 8,
  "learning_rate": 0.001,
  "dataset_size": 31,
  "training_date": "2026-02-07T16:48:12.405045"
}